title,price,star_rating,availability,category,price_gbp,rating,in_stock,price_inr
A Light in the Attic,Â£51.77,Three,In stock,Poetry,51.77,3,True,5461.74
Tipping the Velvet,Â£53.74,One,In stock,Historical Fiction,53.74,1,True,5669.57
Soumission,Â£50.10,One,In stock,Fiction,50.1,1,True,5285.55
Sharp Objects,Â£47.82,Four,In stock,Mystery,47.82,4,True,5045.01
Sapiens: A Brief History of Humankind,Â£54.23,Five,In stock,History,54.23,5,True,5721.26
The Requiem Red,Â£22.65,One,In stock,Young Adult,22.65,1,True,2389.57
The Dirty Little Secrets of Getting Your Dream Job,Â£33.34,Four,In stock,Business,33.34,4,True,3517.37
"The Coming Woman: A Novel Based on the Life of the Infamous Feminist, Victoria Woodhull",Â£17.93,Three,In stock,Default,17.93,3,True,1891.62
The Boys in the Boat: Nine Americans and Their Epic Quest for Gold at the 1936 Berlin Olympics,Â£22.60,Four,In stock,Default,22.6,4,True,2384.3
The Black Maria,Â£52.15,One,In stock,Poetry,52.15,1,True,5501.82
"Starving Hearts (Triangular Trade Trilogy, #1)",Â£13.99,Two,In stock,Default,13.99,2,True,1475.94
Shakespeare's Sonnets,Â£20.66,Four,In stock,Poetry,20.66,4,True,2179.63
Set Me Free,Â£17.46,Five,In stock,Young Adult,17.46,5,True,1842.03
Scott Pilgrim's Precious Little Life (Scott Pilgrim #1),Â£52.29,Five,In stock,Sequential Art,52.29,5,True,5516.6
Rip it Up and Start Again,Â£35.02,Five,In stock,Music,35.02,5,True,3694.61
"Our Band Could Be Your Life: Scenes from the American Indie Underground, 1981-1991",Â£57.25,Three,In stock,Music,57.25,3,True,6039.88
Olio,Â£23.88,One,In stock,Poetry,23.88,1,True,2519.34
Mesaerion: The Best Science Fiction Stories 1800-1849,Â£37.59,One,In stock,Science Fiction,37.59,1,True,3965.75
Libertarianism for Beginners,Â£51.33,Two,In stock,Politics,51.33,2,True,5415.32
It's Only the Himalayas,Â£45.17,Two,In stock,Travel,45.17,2,True,4765.44
In Her Wake,Â£12.84,One,In stock,Thriller,12.84,1,True,1354.62
How Music Works,Â£37.32,Two,In stock,Music,37.32,2,True,3937.26
"Foolproof Preserving: A Guide to Small Batch Jams, Jellies, Pickles, Condiments, and More: A Foolproof Guide to Making Small Batch Jams, Jellies, Pickles, Condiments, and More",Â£30.52,Three,In stock,Food and Drink,30.52,3,True,3219.86
Chase Me (Paris Nights #2),Â£25.27,Five,In stock,Romance,25.27,5,True,2665.98
Black Dust,Â£34.53,Five,In stock,Romance,34.53,5,True,3642.92
Birdsong: A Story in Pictures,Â£54.64,Three,In stock,Childrens,54.64,3,True,5764.52
America's Cradle of Quarterbacks: Western Pennsylvania's Football Factory from Johnny Unitas to Joe Montana,Â£22.50,Three,In stock,Default,22.5,3,True,2373.75
Aladdin and His Wonderful Lamp,Â£53.13,Three,In stock,Default,53.13,3,True,5605.22
Worlds Elsewhere: Journeys Around Shakespeareâs Globe,Â£40.30,Five,In stock,Nonfiction,40.3,5,True,4251.65
Wall and Piece,Â£44.18,Four,In stock,Art,44.18,4,True,4660.99
The Four Agreements: A Practical Guide to Personal Freedom,Â£17.66,Five,In stock,Spirituality,17.66,5,True,1863.13
The Five Love Languages: How to Express Heartfelt Commitment to Your Mate,Â£31.05,Three,In stock,Nonfiction,31.05,3,True,3275.78
The Elephant Tree,Â£23.82,Five,In stock,Thriller,23.82,5,True,2513.01
The Bear and the Piano,Â£36.89,One,In stock,Childrens,36.89,1,True,3891.9
Sophie's World,Â£15.94,Five,In stock,Philosophy,15.94,5,True,1681.67
Penny Maybe,Â£33.29,Three,In stock,Default,33.29,3,True,3512.1
Maude (1883-1993):She Grew Up with the country,Â£18.02,Two,In stock,Default,18.02,2,True,1901.11
"In a Dark, Dark Wood",Â£19.63,One,In stock,Mystery,19.63,1,True,2070.96
Behind Closed Doors,Â£52.22,Four,In stock,Thriller,52.22,4,True,5509.21
You can't bury them all: Poems,Â£33.63,Two,In stock,Poetry,33.63,2,True,3547.96
Slow States of Collapse: Poems,Â£57.31,Three,In stock,Poetry,57.31,3,True,6046.2
Reasons to Stay Alive,Â£26.41,Two,In stock,Nonfiction,26.41,2,True,2786.26
Private Paris (Private #10),Â£47.61,Five,In stock,Fiction,47.61,5,True,5022.85
#HigherSelfie: Wake Up Your Life. Free Your Soul. Find Your Tribe.,Â£23.11,Five,In stock,Nonfiction,23.11,5,True,2438.1
Without Borders (Wanderlove #1),Â£45.07,Two,In stock,New Adult,45.07,2,True,4754.88
When We Collided,Â£31.77,One,In stock,Contemporary,31.77,1,True,3351.74
"We Love You, Charlie Freeman",Â£50.27,Five,In stock,Fiction,50.27,5,True,5303.48
Untitled Collection: Sabbath Poems 2014,Â£14.27,Four,In stock,Poetry,14.27,4,True,1505.48
"Unseen City: The Majesty of Pigeons, the Discreet Charm of Snails & Other Wonders of the Urban Wilderness",Â£44.18,Four,In stock,Nonfiction,44.18,4,True,4660.99
Unicorn Tracks,Â£18.78,Three,In stock,Fantasy,18.78,3,True,1981.29
"Unbound: How Eight Technologies Made Us Human, Transformed Society, and Brought Our World to the Brink",Â£25.52,One,In stock,History,25.52,1,True,2692.36
Tsubasa: WoRLD CHRoNiCLE 2 (Tsubasa WoRLD CHRoNiCLE #2),Â£16.28,One,In stock,Sequential Art,16.28,1,True,1717.54
Throwing Rocks at the Google Bus: How Growth Became the Enemy of Prosperity,Â£31.12,Three,In stock,Nonfiction,31.12,3,True,3283.16
This One Summer,Â£19.49,Four,In stock,Sequential Art,19.49,4,True,2056.19
Thirst,Â£17.27,Five,In stock,Fiction,17.27,5,True,1821.98
The Torch Is Passed: A Harding Family Story,Â£19.09,One,In stock,Add a comment,19.09,1,True,2014.0
The Secret of Dreadwillow Carse,Â£56.13,One,In stock,Childrens,56.13,1,True,5921.72
"The Pioneer Woman Cooks: Dinnertime: Comfort Classics, Freezer Food, 16-Minute Meals, and Other Delicious Ways to Solve Supper!",Â£56.41,One,In stock,Food and Drink,56.41,1,True,5951.25
The Past Never Ends,Â£56.50,Four,In stock,Mystery,56.5,4,True,5960.75
The Natural History of Us (The Fine Art of Pretending #2),Â£45.22,Three,In stock,Young Adult,45.22,3,True,4770.71
The Nameless City (The Nameless City #1),Â£38.16,Four,In stock,Sequential Art,38.16,4,True,4025.88
The Murder That Never Was (Forensic Instincts #5),Â£54.11,Three,In stock,Fiction,54.11,3,True,5708.6
The Most Perfect Thing: Inside (and Outside) a Bird's Egg,Â£42.96,Four,In stock,Science,42.96,4,True,4532.28
"The Mindfulness and Acceptance Workbook for Anxiety: A Guide to Breaking Free from Anxiety, Phobias, and Worry Using Acceptance and Commitment Therapy",Â£23.89,Four,In stock,Add a comment,23.89,4,True,2520.4
The Life-Changing Magic of Tidying Up: The Japanese Art of Decluttering and Organizing,Â£16.77,Three,In stock,Nonfiction,16.77,3,True,1769.24
"The Inefficiency Assassin: Time Management Tactics for Working Smarter, Not Longer",Â£20.59,Five,In stock,Default,20.59,5,True,2172.24
The Gutsy Girl: Escapades for Your Life of Epic Adventure,Â£37.13,One,In stock,Nonfiction,37.13,1,True,3917.22
The Electric Pencil: Drawings from Inside State Hospital No. 3,Â£56.06,One,In stock,Nonfiction,56.06,1,True,5914.33
The Death of Humanity: and the Case for Life,Â£58.11,Four,In stock,Philosophy,58.11,4,True,6130.6
"The Bulletproof Diet: Lose up to a Pound a Day, Reclaim Energy and Focus, Upgrade Your Life",Â£49.05,Three,In stock,Health,49.05,3,True,5174.77
The Art Forger,Â£40.76,Three,In stock,Add a comment,40.76,3,True,4300.18
The Age of Genius: The Seventeenth Century and the Birth of the Modern Mind,Â£19.73,One,In stock,History,19.73,1,True,2081.52
The Activist's Tao Te Ching: Ancient Advice for a Modern Revolution,Â£32.24,Five,In stock,Spirituality,32.24,5,True,3401.32
Spark Joy: An Illustrated Master Class on the Art of Organizing and Tidying Up,Â£41.83,Four,In stock,Nonfiction,41.83,4,True,4413.06
Soul Reader,Â£39.58,Two,In stock,Default,39.58,2,True,4175.69
Security,Â£39.25,Two,In stock,Horror,39.25,2,True,4140.88
"Saga, Volume 6 (Saga (Collected Editions) #6)",Â£25.02,Three,In stock,Fantasy,25.02,3,True,2639.61
"Saga, Volume 5 (Saga (Collected Editions) #5)",Â£51.04,Two,In stock,Sequential Art,51.04,2,True,5384.72
Reskilling America: Learning to Labor in the Twenty-First Century,Â£19.83,Two,In stock,Nonfiction,19.83,2,True,2092.06
"Rat Queens, Vol. 3: Demons (Rat Queens (Collected Editions) #11-15)",Â£50.40,Three,In stock,Sequential Art,50.4,3,True,5317.2
"Princess Jellyfish 2-in-1 Omnibus, Vol. 01 (Princess Jellyfish 2-in-1 Omnibus #1)",Â£13.61,Five,In stock,Sequential Art,13.61,5,True,1435.86
Princess Between Worlds (Wide-Awake Princess #5),Â£13.34,Five,In stock,Fantasy,13.34,5,True,1407.37
"Pop Gun War, Volume 1: Gift",Â£18.97,One,In stock,Sequential Art,18.97,1,True,2001.33
"Political Suicide: Missteps, Peccadilloes, Bad Calls, Backroom Hijinx, Sordid Pasts, Rotten Breaks, and Just Plain Dumb Mistakes in the Annals of American Politics",Â£36.28,Two,In stock,History,36.28,2,True,3827.54
Patience,Â£10.16,Three,In stock,Sequential Art,10.16,3,True,1071.88
"Outcast, Vol. 1: A Darkness Surrounds Him (Outcast #1)",Â£15.44,Four,In stock,Sequential Art,15.44,4,True,1628.92
orange: The Complete Collection 1 (orange: The Complete Collection #1),Â£48.41,One,In stock,Sequential Art,48.41,1,True,5107.25
Online Marketing for Busy Authors: A Step-By-Step Guide,Â£46.35,One,In stock,Self Help,46.35,1,True,4889.92
On a Midnight Clear,Â£14.07,Three,In stock,Add a comment,14.07,3,True,1484.38
Obsidian (Lux #1),Â£14.86,Two,In stock,Young Adult,14.86,2,True,1567.73
My Paris Kitchen: Recipes and Stories,Â£33.37,Two,In stock,Food and Drink,33.37,2,True,3520.54
Masks and Shadows,Â£56.40,Two,In stock,Fantasy,56.4,2,True,5950.2
"Mama Tried: Traditional Italian Cooking for the Screwed, Crude, Vegan, and Tattooed",Â£14.02,Four,In stock,Food and Drink,14.02,4,True,1479.11
"Lumberjanes, Vol. 2: Friendship to the Max (Lumberjanes #5-8)",Â£46.91,Two,In stock,Sequential Art,46.91,2,True,4949.0
"Lumberjanes, Vol. 1: Beware the Kitten Holy (Lumberjanes #1-4)",Â£45.61,Three,In stock,Sequential Art,45.61,3,True,4811.85
Lumberjanes Vol. 3: A Terrible Plan (Lumberjanes #9-12),Â£19.92,Two,In stock,Sequential Art,19.92,2,True,2101.56
"Layered: Baking, Building, and Styling Spectacular Cakes",Â£40.11,One,In stock,Food and Drink,40.11,1,True,4231.6
Judo: Seven Steps to Black Belt (an Introductory Guide for Beginners),Â£53.90,Two,In stock,Add a comment,53.9,2,True,5686.45
Join,Â£35.67,Five,In stock,Science Fiction,35.67,5,True,3763.19
In the Country We Love: My Family Divided,Â£22.00,Four,In stock,Nonfiction,22.0,4,True,2321.0
